,type,missing,unique_values
volume,float64,0,36
reactor_diameter,float64,0,12
liquid_height,float64,0,36
bottom_depth,float64,0,12
n_impeller,int64,0,2
diameter_impeller_1,float64,0,12
axPos_impeller_1,float64,0,12
n_blades_1,int64,0,1
pitch_angle_1,int64,0,1
diameter_impeller_2,float64,0,13
axPos_impeller_2,float64,0,13
n_blades_2,int64,0,4
pitch_angle_2,int64,0,3
diameter_impeller_3,int64,0,1
axPos_impeller_3,int64,0,1
n_blades_3,int64,0,1
pitch_angle_3,int64,0,1
n_diptubes,int64,0,1
n_baffles,int64,0,1
rpm,int64,0,46
strainRate_p50,float64,0,767
epsilon_p50,float64,0,767
k_p50,float64,0,767
Umag_p50,float64,0,767
