,volume,reactor_diameter,liquid_height,bottom_depth,diameter_impeller_1,axPos_impeller_1,diameter_impeller_2,axPos_impeller_2,n_blades_2,pitch_angle_2,rpm
count,768.0,768.0,768.0,768.0,768.0,768.0,768.0,768.0,768.0,768.0,768.0
mean,795.7330009158387,0.7335937499999999,0.3900273437484813,0.14671875,0.2567578125,-0.102703125,0.24453125,0.19499999999999998,1.96875,35.15625,269.84375
std,1543.259746308715,0.6404643862480968,0.45052439976142744,0.12809287724961935,0.22416253518683388,0.08966501407473354,0.3135323235760362,0.2511383210968363,1.5451695349657202,25.618331167079948,219.92004369610325
min,0.223838477,0.1,0.0151666667216358,0.02,0.035,-0.28,0.0,0.0,0.0,0.0,34.0
25%,4.29769875,0.2,0.082599999988512,0.04,0.07,-0.15050000000000002,0.0,0.0,0.0,0.0,108.0
50%,34.38159,0.4,0.1971666666512256,0.08,0.14,-0.056,0.1,0.08,2.0,45.0,195.0
75%,805.8185156,1.075,0.5506666667126884,0.21500000000000002,0.37625,-0.028,0.38,0.304,3.0,60.0,382.0
max,6446.548125,2.0,1.7853333332804129,0.4,0.7,-0.014,1.0,0.8,4.0,60.0,1000.0
skew,2.3559209893833724,0.8681392023510252,1.6610695901913426,0.8681392023510245,0.8681392023510244,-0.8681392023510247,1.3133290289312767,1.3140391286570066,-0.15175869435440334,-0.5317099987584871,1.3940279382993654
outliers_%,11.458333333333332,0.0,5.729166666666666,0.0,0.0,0.0,6.25,6.25,0.0,0.0,2.34375
