,pearson,spearman,difference
volume,0.1106819060645633,0.1327583919354841,0.022076485870920814
reactor_diameter,0.05053399333869139,0.056181326842586074,0.005647333503894687
liquid_height,0.19322533410679527,0.2836234342077767,0.09039810010098143
bottom_depth,0.050533993338691366,0.056181326842586074,0.005647333503894708
n_impeller,0.3749362652097221,0.447194722199656,0.07225845698993388
diameter_impeller_1,0.05053399333869149,0.056181326842586074,0.005647333503894583
axPos_impeller_1,-0.05053399333869148,-0.056181326842586074,0.005647333503894597
diameter_impeller_2,0.2531279950079996,0.3882122030455927,0.13508420803759308
axPos_impeller_2,0.2512904587783278,0.38661822159443837,0.13532776281611059
n_blades_2,0.4419689110486776,0.45928168582595447,0.017312774777276885
pitch_angle_2,0.3022181834804194,0.3031396421786391,0.0009214586982196904
rpm,0.2979311873451893,0.475333909639003,0.1774027222938137
strainRate_p50,0.37244342906363614,0.508879882037703,0.1364364529740668
k_p50,0.778879466753683,0.8885704626717791,0.10969099591809606
Umag_p50,0.6861831634159871,0.8203875333731944,0.1342043699572073
