config_id,runs,mean,relative_std,log_variance
0,6,0.036851166287206034,0.15185922525594023,0.004953955247452081
3,6,0.0005388897080136833,0.10397698886413353,0.002518347491432369
4,6,0.004879994712311833,0.07187351833187083,0.0011206596169931573
5,6,0.016189039917622966,0.10395694648636444,0.0025172319554483897
52,6,0.03936961651235595,0.1494298365996965,0.004783478278036229
55,6,0.0006457897060752,0.0015695852437643504,4.640178156723761e-07
56,6,0.004785969498401367,0.15812730612163992,0.006670264684631774
57,6,0.016986398460469683,0.15308834324510073,0.006136034980194126
104,6,0.04248811865577793,0.1577161033354105,0.006626809373885501
107,6,0.0006284165118386833,0.003568119491147454,2.40757398151156e-06
108,6,0.005430794207243867,0.007740472462402953,1.1339813336902222e-05
109,6,0.01739745123811525,0.16114051975965876,0.006980549278072398
159,3,0.0006362892745388666,0.003216150880846143,1.9514559001205895e-06
162,3,0.0162208364810155,0.21278715645395632,0.010401564312875762
165,3,0.032722934521907464,0.5304264539219605,0.12189196307164624
167,3,0.005348414061529833,0.0020161523514274403,7.677022521496086e-07
188,6,0.04611208104955833,0.014040838926232644,3.6429442067829486e-05
192,6,0.005477179225821766,0.0033956827032714447,2.1870362127392396e-06
194,6,0.0006231315894095,0.10487272150327277,0.0025672582833001683
195,6,0.018171784620194035,0.12078798518085702,0.0035135625072951174
236,6,0.04704410814301716,0.021682198227299995,8.750089218196397e-05
239,6,0.005242805073985867,0.17127823235403672,0.008114684736997868
240,6,0.0197231179577315,0.010393797340799914,2.0339426738549123e-05
241,6,0.0006692337086894833,0.013774118089299578,3.493660848060943e-05
272,2,0.16644541079035235,0.0013332282506848673,3.352572300938546e-07
273,2,0.1155483637027108,0.0,0.0
274,2,0.021163735282882,0.0004525263343161136,3.862392428886378e-08
275,2,0.07020677969249431,0.0012920917889258977,3.1488780326970647e-07
276,2,0.002602913699087,0.0010729846752429108,2.1714808036147772e-07
277,2,0.0143803158848073,0.006498897556724473,7.966365600718119e-06
278,2,0.050324995371612904,0.0018987539642735102,6.799970891634783e-07
279,2,0.0017409594555181,0.04748658120070764,0.00042595522607109354
281,4,0.051405564152952804,0.013861346759734933,3.625251010560492e-05
286,4,0.0060960668424483,0.007243363062817622,9.816504544006942e-06
287,4,0.019929999128485674,0.17450758679350123,0.007321832650572878
288,4,0.00072043088858345,0.006956285522784819,9.117920196851083e-06
318,5,0.05300697524265208,0.009216734328259469,1.594808983387244e-05
325,5,0.00589626163023544,0.17286172576950334,0.0077246356540066185
326,5,0.02241675525311976,0.009748041240992607,1.8089902657819332e-05
327,5,0.0007531809744646801,0.004145018245860712,3.2414200613306556e-06
360,6,0.05211279102239811,0.004945330563681756,4.6036691014419895e-06
363,6,0.005791840073048016,0.18855132208554787,0.010338403581041046
364,6,0.021788840252176183,0.005711742814463195,6.13496089417309e-06
365,6,0.0007043707291904334,0.15090643983726684,0.005946981509293722
414,5,0.04735684895036198,0.17198208468425583,0.0076349065611248535
421,5,0.020041832702422678,0.23347741359882845,0.01648507762450991
422,5,0.00071916731572808,0.16459260247687982,0.006895630617005219
423,5,0.00649676485759622,0.010871625288483825,2.2287673987560453e-05
456,5,0.05333292812525749,0.0034991492726718872,2.3132166951302566e-06
459,5,0.02244477458310096,0.00756460881037774,1.0853475497892155e-05
460,5,0.00078936992495094,0.0050066139556848395,4.722562421375078e-06
461,5,0.005951536421993061,0.19385985446508328,0.010248380572032138
500,6,0.05697375813874848,0.014595366626610092,3.92982435971548e-05
503,6,0.02261934200269827,0.17986965290913637,0.009120073358590735
504,6,0.0007863565987186833,0.16312563767908464,0.007195879909141729
505,6,0.007131490911900033,0.01824793953852346,6.335745621651263e-05
